,word
0,php
1,amp
2,www
3,info
4,exe
5,gate
6,login
7,biz
8,html
9,admin
10,6892
11,239
12,content
13,index
14,png
15,top
16,data
17,upload
18,jpg
19,plugins
20,images
21,feed
22,module
23,adnxs
24,185
25,cgi
26,rss
27,stream
28,system
29,xyz
30,referrer
31,includes
32,lavoro24
33,web
34,panel
35,img
36,telekom
37,logs
38,dispatch
39,themes
40,twitter
41,information
42,media
43,two
44,post
45,728x90
46,apk
47,cnd
48,Panel
49,ccd
50,enc
51,uf%28%27a%27%2C
52,dlo
53,vpid
54,udj
55,fc2
56,zapoy
57,letter
58,upd
59,php\nwww
60,feeder
61,ref
62,apid
63,coolin
64,zip
65,8fh34f3
66,work
67,http
68,sliva
69,184
70,news
71,subtypes
72,url
73,checkupdate
74,gif
75,search
76,845yfgh
77,ads
78,bins
79,t76f3g
80,css
81,online
82,193
83,frame
84,three
85,dll
86,message
87,click
88,linuxsucks
89,cart
90,google
91,modules
92,viewtopic
93,webstat
94,download
95,6i3cb6owitcouepv
96,new
97,apache
98,pdf
99,3852395%2C
100,handler
101,129071%2C
102,15091145%2C
103,utm
104,veganvet
105,files
106,173
107,main
108,redir
109,188
110,dedivan
111,tar
112,8g74crec
113,209
114,fra1
115,keybase
116,source
117,l3SKfPrfJxzFGMSUb
118,109
119,217
120,lavoro
121,update
122,vodafone
123,ams1
124,170
125,164
126,487ygfh
127,offerte
128,43ftybb8
129,076wc
130,onion
131,blog
132,one
133,176
134,221
135,knby545
136,g76ub76
137,hgf65g
138,test
139,cba
140,202
141,rar
142,222
143,mirai
144,action
145,104
146,67fgbcni
147,123
148,107
149,hfdodiopr
150,231
151,127
152,down
153,200
154,control
155,105
156,JHgy64HJBRd
157,nJDa9BNUXCRQLPh4SGhKrXCJ
158,jdfslfdsgy
159,deutschland
160,276362%2C
161,gmbh
162,7fg3g
163,3833578%2C
164,15012517%2C
165,115
166,adm
167,210
168,damp
169,194
170,onlinerechnung
171,t67bg
172,163
173,php\n
174,server
175,108
176,php\nnewsok
177,mister
178,67j5hg
179,183
180,192
181,aquatixbottle
182,443
183,878hf33f34f
184,bin
185,MzMzMzMzwz
186,clear
187,categoria
188,pastebin
189,cosa
190,HJghjb54
191,provincia
192,regione
193,soften
194,fred
195,gold
196,homepage
197,211
198,154
199,earnest
200,2004
201,bone
202,conceal
203,sprawl
204,fearful
205,103
206,234
207,txt
208,api
209,page
210,flags
211,208
212,wordpress
213,255
214,android
215,video
216,vdG76VUY76rjnu
217,ABAPUBmpmZPg
218,file
219,248
220,182
221,021ygs7
222,se77
223,avi
224,install
225,ABAPUBAACAPg
226,146
227,nbv364
228,87yfhc
229,sourceid
230,home
231,218
232,aqs
233,148
234,54JHbjgcDLG
235,forums
236,213
237,get
238,2QEAAAAAAADwP
239,nJDa9GP0XCRQLPh4SGhKrXCJ
240,hohyzuketexppw
241,hikonefabebppw
242,195
243,198
244,ddns
245,doblatuproductividad
246,174
247,203
248,inst1
249,project
250,138
251,limto1
252,147
253,7832ghd
254,144
255,img2212
256,aspx
257,azienda
258,50webs
259,236
260,loungio
261,938fhnr3
262,asia
263,118
264,120
265,207
266,216
267,dat
268,website
269,102
270,bill
271,memo
272,rare
273,treasure
274,total
275,177
276,clever
277,7g6bubt7v
278,1972
279,erg7cbr
280,duke
281,7oqnsnzwwnm6zb7y
282,158
283,site
284,87nft3
285,mpmZmZmZuT
286,jhg45s
287,Ares13
288,lump
289,l3SMfPrfJxzFGMSUb
290,sid
291,rapid
292,2015
293,117
294,suspicious
295,143
296,mystery
297,mail
298,8080
299,aloud
300,5g4f3
301,outside
302,122
303,124
304,ozroadie
305,g76gyui
306,08yhrf3
307,254
308,171
309,78yhuinFYs
310,181
311,74t3nf4gv4
312,http%3A%2F%2Fwww
313,110
314,nr8e7
315,uploads
316,187
317,201
318,size
319,4AEA9QEAAIA
320,hfvg623
321,g766d4ft
322,130
323,j8fn3rg3
324,186
325,aff
326,172
327,ase5
328,161
329,9y878hi
330,249
331,doc
332,user
333,app
334,mod
335,mobi
336,support
337,yes
338,240
339,175
340,hf0
341,afdIJGY8766gyu
342,114
343,242
344,119
345,pomo
346,129
347,g3r7ewc
348,rand
349,199
350,g38f3fg
351,142
352,shopping
353,apps
354,165
355,republika
356,100
357,xml
358,156
359,host
360,126
361,190
362,230
363,Microsoft
364,169
365,162
366,add2cart
367,for
368,78hceef
369,medproshealthcare
370,87b3ff3rc
371,partner
372,224
373,73HQiqaazbO
374,112
375,onekeysdk
376,bannerbox
377,viewforum
378,178
379,g7cberv
380,nyx37ec
381,swf
382,cache
383,lib
384,bdb37
385,forum
386,139
387,biw
388,mobile
389,111
390,favicon
391,tuif
392,yus
393,templates
394,view
395,milano
396,htm
397,demo
398,76733c
399,pubclick
400,kioskey
401,101
402,src
403,235
404,panelnew
405,jooble
406,xne
407,nxku
408,theme
409,%21TwYsQAjq
410,ekBEKWllAcYlZ0WIAA
411,esy
412,1058
413,209734
414,nJHbj0266b
415,196
416,2014
417,report
418,874ghv3
419,CtT
420,UoXI
421,counter
422,145
423,987nkjh8
424,141
425,Edge
426,image
427,structure
428,atspace
429,9643522803
430,econopaginas
431,9532
432,chromeupdate
433,contentid
434,free
435,116
436,php\nxhamster
437,serverphp
438,space
439,j988765
440,159
441,diamond
442,245
443,security
444,addproduct
445,silyaqgppf
446,jkYTFhb7
447,302
448,royal
449,service
450,edge
451,dns
452,campaign
453,252
454,about
455,988g765f
456,medium
457,jar
458,innovzen
459,boards
460,HJghjt872
461,welcome
462,goog
463,131
464,cpc
465,8976fyvgg
466,897fyDnv
467,HfgfvhTR5
468,106
469,ajlmxkjsvxsof
470,SmsSecurity
471,UTF
472,crawl
473,password
474,pro
475,149
476,components
477,87t34f
478,the
479,champion
480,P57vp8ZLN
481,lfrfipzyydydnlkwuys
482,02ipad
483,club
484,113
485,02bjJBHDs
486,244
487,204
488,sirius
489,tmp
490,nameless
491,rubiconproject
492,238
493,1652573
494,8t76v45
495,8806
496,121
497,unexpectedrunner
498,232
499,133
500,extremetanningofsarasota
501,gy7f57f6
502,hgvjhvjhvjh
503,strongaliar
504,http%3A%2F%2Foptimized
505,225
506,67SELbosjc358
507,179
508,skins
509,223
510,233
511,candidatura
512,zapto
513,4331
514,34f43
515,michaelferguson
516,msg
517,ZAQAAAAAAAPA
518,160
519,goo
520,220
521,140
522,189
523,read
524,chrome
525,mce
526,civis
527,Vivaldi
528,check
529,COM
530,client
531,screen
532,wordfence
533,150
534,219
535,telegraaf
536,udytqjeafjmgijovfi
537,keywords
538,s%3Dc%26p
539,redirect
540,html%3F%26cb%3D0
541,non
542,logHuman
543,54ghnnuo
544,offertaID
545,name
546,rnd
547,tiny
548,Windows
549,hid
550,functions
551,152
552,226
553,229
554,downloaderUpdate
555,215
556,article
557,downloader
558,Pictures
559,153
560,151
561,jmetalloysllp
562,hope
563,sys
564,trust
565,shop
566,2013
567,098tb
568,7h8gbiuomp
569,fox
570,bimowamokykpps
571,market
572,and
573,aziendaID
574,yandex
575,nb20gjBV
576,167
577,G7vuYhjb
578,205
579,155
580,cat
581,turbomingming
582,helps
583,241
584,office
585,inc
586,dropboxusercontent
587,197
588,upp
589,link
590,NDMzMzMzsz
591,191
592,246
593,messaggio
594,coupons
595,212
596,picture
597,nursegateway
598,dashingleather
599,partyeazy
600,add
601,newsletter
602,backup
603,less
604,trucksbyswat
605,tor2web
606,root
607,bjfyteshi
608,132
609,134
610,travicoperu
611,popup
612,227
613,bget
614,dommel
615,innogenap
616,log
617,dmslcfwq
618,account
619,214
620,Indeed
621,micropaysearch
622,228
623,fid0
624,docs
625,titolo
626,8089
627,grazie
628,testo
629,mozilla
630,nl%2F%26rp
631,rtime
632,wamasoftware
633,config
634,ntpd
635,msie
636,243
637,logo
638,testapk
639,180
640,366
641,135
642,option
643,final
644,putty
645,251
646,lucirabydevpps
647,hikonefabebppd
648,09uh8ny
649,128
650,mywa2pay
651,Itemid
652,09u9jn87
653,ldl01
654,mywww
655,json
656,cab
657,125
658,amazonaws
659,win
660,license
661,137
662,default
663,syamasahithi
664,wang
665,misc
666,4pu
667,sms
668,task
669,jquery
670,ddnsking
671,update2017
672,none
673,southwestadvertisingteam
674,34f345gh4
675,lovetamaya
676,available
677,style
678,command
679,feeds
680,myjino
681,allcateringservices
682,hb74
683,kitsgnt
684,znvlbk2
685,746t3fg3
686,7623dh3f
687,237
688,stats
689,bbs
690,monitor
691,ico
692,56f2gsu782desf
693,0ftce4
694,issues
695,pay
696,form
697,pmlojistik
698,southeast
699,embed
700,oembed
701,fdfjkhfsadv
702,team
703,posts
704,paybrakepoint
705,136
706,tech
707,arm
708,okl
709,amZmZmZm5P
710,secure
711,payment
712,human
713,class
714,perhaps
715,mobunykedafppa
716,track
717,userinfo
718,all
719,gdn
720,M1n
721,group
722,bid
723,Amaya
724,views
725,87yg5fd5
726,true
727,PHPSESSID
728,platforms
729,technologies
730,PvqDq929BSx
731,mips
732,09yhbvt4
733,kosdfnure75
734,op1gifsd05mllk
735,red
736,altascdn
737,h78r3gfe
738,contact
739,54fc3rc3fr
740,thanonline
741,rtl
742,jawutozasoxppa
743,apple
744,catlong
745,arrival
746,206
747,party
748,team12
749,worldpostjournal
750,asp
751,ggmfwpovjpjjzytvzab
752,873nf3g
753,DATA
754,0bgsvtr3
755,grabbah
756,luzetogodppw
757,247
758,advanced
759,cafe
760,pony
761,SimplePie
762,adroll
763,krp3cmg
764,villakeratea
765,hsg
766,thaisupp
767,1252
768,press
769,idx
770,2016
771,168
772,ups
773,logon
774,gallery
775,factuur
776,dfl210
777,fo4j4wnq51hepa
778,rikuzentakata
779,ghsnls
780,0hb765
781,hol
782,campid
783,static
784,trec4x
785,intads
786,gfdkotriam
787,glivestream
788,mpf
789,ajax
790,165057
791,n7o
792,iintx
793,mid
794,cloud
795,yahoo
796,world
797,sipocodukyrpps
798,diytboajojvaggkz
799,09uhv65hg
800,09y7gnninj
801,websamrat
802,metro
803,pos%3Datf%26p
804,music
805,administrator
806,BANK
807,paybalanceto
808,webmail
809,yr387n3
810,253
811,sdoc22
812,deutsche
813,payoptionserver
814,tinymce
815,Work
816,unicorn
817,volksbanken
818,25663
819,Mozilla
820,123456
821,vpic22
822,hikonebebppw
823,town11
824,vpic21
825,djsliufhgs
826,finanzgruppe
827,static12
828,topic11
829,topic77
830,p4zra9wf
831,temp
832,ico\n
833,pac
834,ns1
835,jackkwizc
836,44335
837,fastmail
838,78h8ry
839,guess515
840,assets
841,ppc
842,servesside
843,show
844,hfycn33
845,made
846,include
847,ralrab
848,pvthg2
849,script
850,paypartyoptions
851,gravyseals
852,STORAGE
853,filter
854,x86
855,paytodoublemoney
856,250
857,SeaMonkey
858,raw
859,p1ai
860,paytogateserver
861,1899580
862,hopto
863,pack
864,dobb2
865,bot
866,suspendedpage
867,paytostopigil
868,microsoft
869,http%3A%2F%2Fveganvet
870,zen
871,facebook
872,click%3D
873,9u8jreve
874,chateau
875,salt
876,hohyzuketexppa
877,churchyard
878,pair
879,fastclick
880,tr069
881,extended
882,fdsfgsgdvsd
883,registrato
884,categoryID
885,oxylala
886,pipi
887,lecopabohyxppw
888,abc
889,serveftp
890,087gbdv4
891,local
892,cynesuwecyrwsed
893,ver
894,1611
895,kfj
896,city
897,a1d4m
898,manage
899,rechnungonline
900,email
901,bdfxb
902,reach
903,98yh87nb6v4
904,fonts
905,kolonker
906,6I7iQj
907,%21
908,mediafe
909,lijit
910,jmVRItIQgVa
911,n3rv3rv
912,157
913,boservice
914,cdn
915,7647gd7b43f43
916,tomatopota
917,redacted
918,duba
919,8rcybi43
920,server93
921,smile
922,5716367236
923,35516
924,air
925,optus
926,tmobile
927,house
928,sh4
929,21eligne
930,live
931,coloco
932,document
933,five
934,theleakingbookshelf
935,HSBC
936,master
937,button
938,nb4vervge
939,builtbytheboys
940,achterplmetropoletan
941,ftp
942,linkhause
943,p27dokhpz2n7nvgr
944,order
945,menu
946,File
947,silver
948,severphp
949,common
950,many
951,buendigkeit
952,alfajerdecor
953,eaglecorp
954,perso
955,2fh
956,csob
957,luzetowegodppp
958,vfdsgsrgsg
959,98h86f
960,italia
961,con
962,http%3A%2F%2Fs1
963,usa
964,spb
965,impiegato
966,catalog
967,lang
968,s56xr
969,rajashekharkubasad
970,steelworks
971,dhl
972,aol
973,help
974,comeinbaby
975,02tablet
976,colors
977,area
978,bit
979,fubyxoresabpps
980,4B38
981,checkwebspeed
982,87yhb54cdfy
983,E3519311
984,domain
985,hi2
986,compat
987,from
988,icons
989,animal
990,sites
991,luzetowegodppa
992,8759j3f434
993,uuid
994,users
995,spc
996,travelinsider
997,mbv58gbv
998,china
999,ringgatan
1000,minitoons01
1001,dyndns
1002,auth
1003,8989
1004,talktalk
1005,vtrbandaancha
1006,fxprz
1007,518B
1008,m68k
1009,ruggededge
1010,sudomokojiqpps
1011,tutta
1012,nichost
1013,adminpanel
1014,downloads
1015,date
1016,productID
1017,inserisci
1018,BBBE
1019,time
1020,topic
1021,solar
1022,usb
1023,teothemes
1024,Attenzione%21
1025,4dq
1026,catid
1027,twentytwelve
1028,software
1029,mpsl
1030,hummerlauncher
1031,166
1032,good
1033,mobil
1034,kelownatownhomes
1035,export
1036,miraint
1037,hlydav2
1038,d3dx9
1039,within
1040,KJNbhgh57
1041,4AEA9QGamZk
1042,piklamp
1043,badminton2008
1044,kundencenter
1045,we11point
1046,mobilfunk
1047,store
1048,per
1049,noahstachelek
1050,765f46vb
1051,java
1052,10010
1053,chomikuj
1054,buy
1055,annalynndanh
1056,UG7654fgy
1057,min
1058,hollywoodjesus
1059,ns2
1060,type
1061,bimowamokykzzx
1062,atrient
1063,aycilinsaat
1064,topemarketing
1065,utente
1066,1153
1067,cms
1068,list
1069,nessun
1070,1122
1071,corrispondente
1072,ocalhost
1073,uy78hn654e
1074,corretta%2C
1075,feel
1076,genevagraduate
1077,ext
1078,vfsnjvdsisw
1079,sytes
1080,setup
1081,onnettomuuskonetta
1082,ofSih17OIFxzsmTu2KV
1083,soulflower
1084,try
1085,history
1086,services
1087,techsilicon
1088,gomelnaushnik
1089,copy
1090,libraries
1091,4GBrdf6
1092,pixel
1093,3A2DE2A85909%26click%3D
1094,forestnice
1095,tools
1096,fiducia
1097,obe
1098,bitcoin
1099,members
1100,euro
1101,87h754
1102,ordering
1103,jp1wq
1104,plugin
1105,design
1106,Password
1107,rkfhehSutz
1108,erickarcelliott
1109,pages
1110,padudopacyjpps
1111,inxy
1112,borderspot
1113,checks
1114,entry
1115,scripts
1116,upgamecdn
1117,cloudfront
1118,europe
1119,zenchateau
1120,saxychiomzy
1121,6dtxgqam4crv6rr6
1122,forms
1123,sign
1124,installs
1125,dev
1126,CreditSuisse
1127,depotzen
1128,favcc1
1129,use
1130,gemist
1131,datahost84
1132,moobesring
1133,ssl
1134,%2Fcandidatura
1135,perrydale
1136,capo
1137,hospaccx
1138,man
1139,mesologos
1140,here
1141,qvwu4f
1142,lanapyfyfppw
1143,private
1144,nopeatech
1145,inspirasiproperty
1146,robot
1147,HJ6bhGHV
1148,1056
1149,resources
1150,real
1151,engine
1152,himam
1153,sallyforsenate
1154,2012
1155,katjaschrijft
1156,askmeproperties
1157,gufysorimirezzx
1158,map
1159,311
1160,pferdefit
1161,klettur
1162,universitaperta
1163,back
1164,bitrix
1165,travel
1166,bus
1167,62574
1168,mobunydafppw
1169,category
1170,mcyengineering
1171,stat
1172,smokintech
1173,nicklambdesign
1174,lecopahyxppw
1175,plus
1176,LUKB
1177,koryo
1178,afhaalbewijs
1179,ZKB
1180,create
1181,arm7
1182,sonajp
1183,infeedworld
1184,1nswsiv
1185,cef
1186,beta
1187,hikonefabebppa
1188,bstr
1189,batwheels
1190,stock
1191,chateaubio
1192,atronis
1193,white
1194,money
1195,castoncorporateadvisory
1196,BankAustria
1197,criminal
1198,imgs
1199,ini
1200,googletw
1201,php\nsabotagetimes
1202,otzo
1203,bigdishsat
1204,love
1205,most
1206,naqycirefujppa
1207,efax
1208,7055475
1209,arm5n
1210,public
1211,734
1212,svn
1213,denvertracy
1214,banner
1215,dfgsdf
1216,7834hnf34
1217,mode
1218,rechnung
1219,97725
1220,jhvjhvhvhjv
1221,auto
1222,purebanquet
1223,%3C%2Fbr%3E
1224,at10a
1225,delivery
1226,syn
1227,inst
1228,box
1229,8048
1230,meta
1231,controller
1232,why
1233,profile
1234,wolfs
1235,oyd2s
1236,jdexcorp
1237,4563
1238,FinalGR2
1239,securityupdates
1240,jazztel
1241,cpl
1242,inst3
1243,format
1244,crossydonalds
1245,bluewaterappco
1246,duckdns
1247,drive
1248,banners
1249,servers
1250,kindlecatena
1251,sfr
1252,right
1253,szm
1254,pfa17
1255,mymazisocimowsed
1256,documents
1257,best
1258,gmxhome
1259,dist
1260,2508725
1261,Sparkasse
1262,GHBuyd472
1263,Raiffeisen
1264,opmsk
1265,military
1266,hotel
1267,Update
1268,o2chair
1269,ecoledesalsa
1270,miger
1271,Z2ZmZmZmtj
1272,bank
1273,srrys
1274,bbc
1275,request
1276,waka22
1277,167838
1278,front
1279,token2
1280,prince
1281,word
1282,captiuasque
1283,98uhnvcx4x
1284,0k9
1285,F6FM4
1286,nijahostingresellers
1287,facebook2017
1288,rty
1289,library
1290,facabook
1291,tvcacapava
1292,nJDa9BMEXCRQLPh4SGhKrXCJ
1293,240107
1294,vti
1295,mihesfitons
1296,intrabmw
1297,dnat400
1298,game
1299,language
1300,abccornet
1301,gas
1302,network
1303,know
1304,728
1305,tumijicalopd
1306,2009
1307,tires
1308,34gf5y
1309,slaterarts
1310,therapy
1311,next
1312,inst2
1313,globalremoteservices
1314,birthstory
1315,cmcomunicacion
1316,satk011
1317,rHFpkO9
1318,kleph
1319,trade
1320,express
1321,roma
1322,tsk
1323,rophenreswi
1324,mickis
1325,tmpl
1326,icewire
1327,dw7g3
1328,d65g
1329,cantiere
1330,horse
1331,2614296
1332,lpsgrafica
1333,tuk21
1334,rep
1335,mhj2
1336,mp3
1337,atstory
1338,company
1339,www 
1340,that
1341,joston2
1342,out
1343,muk21
1344,webalizer
1345,victorcasino
1346, images 
1347,o2k7
1348,1251
1349,korea
1350,URL}
1351,11443
1352,attachment
1353,PORTUGA
1354,over
1355,printable
1356,62y7rKX8yF819Lg3
1357,ufficio
1358,see
1359,del
1360,81millstreet
1361,deladi
1362,after
1363,abulhoul
1364,muk22
1365,result
1366,simple
1367,dugunburada
1368,201502121005
1369,adobe
1370,obi
1371,net%2Fanimal
1372,jsydjc
1373,start
1374,step
1375,ausameetings
1376,set132
1377,undiaem
1378,storegate
1379,hosting
1380,livorno
1381,amerikanservisi
1382,techcdn
1383,sats011
1384,wwnh6
1385,rxcoupon
1386,mii
1387,pranair
1388,victor
1389,riservata
1390,others
1391,utf
1392,chchqq
1393,8188
1394,fra22
1395,pikirykopypd
1396,old
1397,fre
1398,r34f3345g
1399,jhandiecohut
1400,set
1401,bf7N
1402,34frgegrg
1403,bluebit
1404,strefa
1405,net16
1406,los
1407,clickenc
1408,Globals
1409,cached
1410,tmweb
1411,DEPOSITOS
1412,ns01
1413,stuff
1414,districthdc
1415, monitor 
1416,tag
1417,trupathemessage
1418,steelWORKS
1419,color
1420,u3m2
1421,community
1422,class\n
1423,dotcom
1424,visit
1425,sales
1426,rec
1427,enterprises
1428,sports
1429,high
1430,swagads
1431,43rf3dw
1432,altone
1433,school
1434,jerabel
1435,vdgbfslgdfs
1436,videos
1437,ideagreens
1438,o2breath
1439,xulevil
1440,upgrade
1441,app20yearsx
1442,africaenergyventures
1443,chickenkiller
1444,core
1445,pthfinanz
1446,kimki
1447,turk022
1448, gif
1449,game6media
1450,because
1451,alefreed
1452,airzer
1453,myomedworks
1454,land
1455,receptionist
1456,dgnfd564sdf
1457,773
1458,googlecode
1459,error
1460,little
1461,ccdog
1462,lionhub
1463,sitemap
1464,ijoj2y
1465,three96
1466,versiontask
1467,spectarent
1468,personal
1469,lxp
1470,rentbuysellhobbs
1471,djordjevicandriush
1472,hsbconlineuk
1473,godaddydns
1474,binstr
1475,torino
1476,fit
1477,centfou
1478,COMPROVATIVO
1479,cthauling
1480,qu2lp4b5l
1481,facerecognition
1482,lsxm
1483,kxescore
1484,flashplayer
1485,480
1486,cis
1487,http%3A%2F%2Fad
1488,appsnewhot
1489,polybranchiata
1490,net%2Fw%2Fclick
1491,product
1492,day
1493,comcastbiz
1494,onowcdn
1495,androidosupdate6
1496,wallpaperstravel
1497,mfa
1498,studio
1499,YxBYObTItj
1500,sickishly
1501,masteradvz
1502,w3hostingserver
1503,geldschrank1semi
1504,womoredaning
1505,securityprotectingcorp
1506,xampp
1507,atlescopco
1508,newbetrrsearve
1509,hotpopups
1510,nofrillspace
1511,09u8h76f
1512,65fg67n
1513,sql
1514,build
1515,servehttp
1516,besaba
1517,flash
1518,hta
1519,jonnychangginc
1520,http%3A%2F%2Fib
1521,node
1522,2011
1523,xim
1524,products
1525,bukhlo
1526,text
1527,play
1528,alert
1529,expo
1530,arms
1531,management
1532,images2
1533,emeka
1534,pepperdeybalms
1535,lanapyxefyfppa
1536,hook
1537,updates
1538,grace
1539,bitdefenderdistributor
1540,oil
1541,pos%3Dbtf%26p
1542,castuning
1543,church
1544,kohlesekdamodar
1545,car
1546,fall
1547,mdutmdu
1548,annae
1549,mzsys
1550,tisone360
1551,unsailable
1552,token1
1553,cli
1554,1743
1555,bagnet
1556,eurofxref
1557,nato
1558,jyxiangqin
1559,imagens
1560,disneybyphone
1561,bamandjustin
1562,focus
1563,above
1564,consistwa
1565,uo7
1566,tube
1567,smilies
1568, com 
1569,http%3A%2F%2Fads
1570,ksid
1571,pes13
1572,280
1573,quality
1574,cario
1575,which
1576,print
1577,imhed
1578,90ujn3b8c3
1579,newcj
1580,hash
1581,privacy
1582,electrickooladerecords
1583,kimclo
1584,bandbcreuse
1585,addr
1586,gAQD1AQAAgD4
1587,mgsmedia
1588,kalendarske1committatis
1589,fewfjisi
1590,att
1591,policy
1592,41yqe
1593,vpn
1594,lyjq
1595,grbj
1596,photo
1597,evidence
1598,minnmc
1599,co8bo23vsd
1600,grated
1601,adv
1602,tinyurl
1603,small
1604,9uh87g756
1605,bitdefendor
1606,ecpi
1607,xnhn2
1608,265822
1609,gclid
1610,styles
1611,seo
1612,linux
1613,524
1614,plantsroyal
1615,park
1616,ttt78good
1617,plane
1618,what
1619,nanrangy
1620,fellinio
1621,2446839
1622,gsdwwk
1623,{REFERRER
1624,goodfoodprod
1625,BAZqZmZmZmbk
1626,adsbanner
1627,exSuR
1628,454
1629,federal
1630,administration
1631,night
1632,786585d
1633,presstheredbuttonnow
1634,binpt
1635,bringitbackcc
1636,inlinepopups
1637,will
1638,softwarecomparel
1639,full
1640,nuclear
1641,north
1642,improve
1643,08g7g6r56r
1644,between
1645,rddningsoushitu
1646,hrietolewox
1647,dan
1648,compare
1649,sopranolady7
1650,connect
1651,cr9LnN4qQu
1652,jreoplte
1653,rRffpf
1654,neostrada
1655,firefox
1656,mavisehirrotaract
1657,euroreport24
1658,typo3temp
1659,bannered
1660,army
1661,fiscal
1662,redirectme
1663,key
1664,3eeweb
1665,board
1666,49851
1667,x64
1668,accounts
1669,cbactive
1670,watch
1671,jpandassociatesrealtors
1672,folueaport
1673,hmaLeuhBl
1674,tripod
1675,hjy93JNBasdas
1676,mac
1677,side
1678,break
1679,darkhollowcoffee
1680,320
1681,1dfkmafdjje
1682,mooo
1683,acaciainvest
1684,rotation
1685,SmartNav141216
1686,patch
1687,http%3A%2F%2Fapr
1688,sulacunle
1689,nomoreparentsleftbehind
1690,who
1691,fun
1692,binfile
1693,upps
1694,der
1695,2014%2F
1696,movie
1697,nwedellco
1698,control3
1699,notify
1700,bestbuylocal
1701,delphinph
1702,daenenhetrecentorumque
1703,tut
1704,htmlindex
1705,62195
1706,sale
1707,com%2F
1708,may
1709,unionathletica
1710,ten
1711,plan
1712,blogdns
1713,NrdcbOsmH
1714,crabdance
1715,hkkuu2
1716,portal
1717,intribune
1718,XYH
1719,sky
1720,blogspot
1721,ekBEKWllAcY
1722,mei
1723,sancho
1724,mystyleparrucchieri
1725,study
1726,pearlstorehouse
1727,veterinarian
1728,choogo
1729,rides
1730,zULftMedhRE
1731,tradesmartcoin
1732,against
1733,Linux2
1734,webdav1
1735,ph11
1736,jss
1737,netsolhost
1738,centroinfantilelmolino
1739,ventures
1740,tongjj
1741,chat
1742,grupoecointerpreis
1743,wellness
1744,ingpors
1745,wstr
1746,presspublishing24
1747,adserve
1748,icon
1749,code
1750,microcontroller
1751,omni
1752,uryetbn
1753,heimat
1754,jobs
1755,1234567890
1756,adclap
1757,wedding
1758,cost
1759,low
1760,decorvise
1761,shagunproperty
1762,SmartNav0120
1763,worldmilitarynews
1764,idea
1765,cignitech
1766,kveldeil
1767,hjv56
1768,parroquiansg
1769,androidos
1770,fire
1771,ysqaux
1772,20150120
1773,just
1774,HTTP
1775,pes18
1776,hnqcctat
1777,blifoud
1778,cloudsota
1779,sowkinah
1780,chromeupdater
1781,popularswat
1782,DiamondFox
1783,fifamericas
1784,dog
1785,however
1786,hex
1787,off
1788,zadmin
1789,g8yfj7
1790,59046
1791,910
1792,demisetoken
1793,black
